TotalPurchased,Name
7720.01999999991,Rock
3472.55000000001,Latin
2093.13,Metal
1961.66,Alternative & Punk
817.71,TV Shows
746.460000000001,Jazz
544.61,Drama
429.66,Blues
338.62,R&B/Soul
332.64,Reggae
